{"cameraMode":{"drawMode":0,"name":"Shaded","section":"Shading Mode"},"sceneLighting":false,"audioPlay":false,"sceneViewState":{"showFog":true,"showMaterialUpdate":false,"showSkybox":false,"showFlares":true,"showImageEffects":true,"showParticleSystems":true},"in2DMode":false,"pivot":{"x":-17.624492645263673,"y":5.453831672668457,"z":-16.105148315429689},"rotation":{"x":0.05383073911070824,"y":0.07272839546203613,"z":-0.003930955193936825,"w":0.995891809463501},"size":9.37106704711914,"orthographic":true}