{"cameraMode":{"drawMode":0,"name":"Shaded","section":"Shading Mode"},"sceneLighting":false,"audioPlay":false,"sceneViewState":{"showFog":true,"showMaterialUpdate":false,"showSkybox":false,"showFlares":true,"showImageEffects":true,"showParticleSystems":true,"showVisualEffectGraphs":true,"m_FxEnabled":true},"in2DMode":false,"pivot":{"x":-3.1039388179779054,"y":5.112658977508545,"z":0.6704492568969727},"rotation":{"x":0.08836882561445236,"y":0.018822889775037767,"z":-0.001670286525040865,"w":0.9959102869033814},"size":4.553519248962402,"orthographic":false}